,hotel_name,Class of Rating,Rating
0,Times Square Lux Highrise,Good,7.8
1,Beautiful apartment next to Central Park,Good,7.6
2,Spacious Apartment in Prime Location,Good,7.7
3,Midtown East Spacious Apartment,Good,7.1
4,Heart of Midtown,None,None
5,Nice Apartment in the Heart of Upper East Side,Very Good,8.5
6,John Street Apartment,None,None
7,East Village Apartments,Awesome,9.4
8,Sanctuary NYC Retreats,Excellent,8.7
9,The Allen Hotel,Excellent,8.7
10,Midtown West 2 Bedroom Apartment,Excellent,8.6
11,Tribeca Lofts,Good,7.7
12,Fairfield Inn & Suites by Marriott New York Downtown Manhattan/World Trade Center Area,Excellent,8.9
13,Sunny & Luxurious West Village Residence - 3 Bedrooms!,None,None
14,Chalsea Studio,Awesome,9.3
15,6th Ave Apartment,Good,7.5
16,Luxury Two Bedroom Apartment - Midtown West J,None,None
17,2 Bedroom Apartment in Manhattan,None,None
18,Home In The Heart Of East Village,Good,7.1
19,Jun New York Mid Town II,Awesome,9.4
20,Residence Inn by Marriott New York Manhattan/Times Square,Very Good,8.2
21,Four Points by Sheraton Manhattan Chelsea,Very Good,8.2
22,Aloft Manhattan Downtown - Financial District,Very Good,8.2
23,Apartments Upper West Side,None,None
24,Hilton Garden Inn New York Times Square South,Excellent,8.7
25,Manhattan NYC,None,None
26,Luxury Two Bedroom Apartment - Midtown West G,Excellent,8.6
27,Gramercy Townhouse,None,None
28,Global Luxury Suites at Ritz Plaza,None,None
29,AKA United Nations,Awesome,9.3
30,Manhattan NYC,None,None
31,Wingate by Wyndham Manhattan Midtown,Good,7.6
32,Luxury Two Bedroom Apartment - Midtown West G,Excellent,8.6
33,Gramercy Townhouse,None,None
34,Global Luxury Suites at Ritz Plaza,None,None
35,AKA United Nations,Awesome,9.3
36,World Center Hotel,Excellent,8.6
37,Four Points by Sheraton New York Downtown,Very Good,8.1
38,Global Luxury Suites at The Pearl,None,None
39,Radio City Apartments,Very Good,8.5
40,Hamilton Heights Lovely Apartments,Good,7.6
41,Central Park N Residence,Awesome,9.4
42,Leon Hotel,Very Good,8.4
43,EVEN Hotel New York Times Square South,Awesome,9.0
44,Best Western Premier Herald Square,Very Good,8.5
45,AKA Sutton Place,Awesome,9.3
46,Cachet Boutique Hotel NYC,Very Good,8.0
47,The Dominick Hotel,Very Good,8.5
48,"Hampton Inn Manhattan-SoHo, NY",Good,7.9
49,Broadway Plaza Hotel,Very Good,8.4
50,Four-Bedroom Chelsea Apartment,None,None
51,"Hotel Shocard, New York",Very Good,8.3
52,Hyatt Place New York/Midtown-South,Excellent,8.6
53,The Iroquois New York,Excellent,8.9
54,Home NYC,Exceptional,9.6
55,Warwick New York,Very Good,8.5
56,Hotel 50 Bowery,Awesome,9.2
57,Mondrian Park Avenue,Excellent,8.9
58,Eli place Room C,None,None
59,Trump International New York,Excellent,8.8
60,AKA Central Park,Excellent,8.6
61,Hotel Wales,Very Good,8.1
62,Home Away From Home,Good,7.9
63,Amazing Apartment- Walking Distance to Times SQ,Very Good,8.3
64,Oakwood at the Nash,Excellent,8.7
65,Splendid Apartment by Times SQ,Very Good,8.2
66,TownePlace Suites by Marriott New York Manhattan/Times Square,None,None
67,The Time New York,Very Good,8.3
68,AKA Times Square,Excellent,8.8
69,Archer Hotel New York,Awesome,9.0
70,Oakwood at 830 8th Ave,None,None
71,The Coltrane,None,None
72,Hotel on Rivington,Very Good,8.4
73,Hotel 32 32,Very Good,8.0
74,Chelsea Duplex Apartment,None,None
75,Oakwood Aurora Midtown East,None,None
76,FiDi 3bed/2baths,None,None
77,Fantastic 2 Bedroom Apartment in Times Square,None,None
78,citizenM New York Times Square,Awesome,9.2
79,Lombardy Hotel,Very Good,8.5
80,Manhattan Brownstone,None,None
81,Your Home in Harlem,Excellent,8.8
82,Midtown East Deluxe 2 Bedroom Apartment,Good,7.5
83,Luxury Studio Apartment - Midtown West B,Very Good,8.3
84,LUMA Hotel - Times Square,Awesome,9.2
85,Luxury Suites in Murray Hill,None,None
86,citizenM New York Bowery,None,None
87,Midtown Lodging,Very Good,8.3
88,Charming 2 Bedroom in the heart of Midtown East,None,None
89,Pod 39,Very Good,8.2
90,The Assemblage John Street,None,None
91,Cozy Studio located in Midtown East,None,None
92,"The Lexington New York City, Autograph Collection",Very Good,8.1
93,3/2 Central Park #4,None,None
94,Bentley Hotel,Good,7.7
95,Midtown 4 Bedroom Residence 2,None,None
96,Modern Three Bedroom Apartment - Upper East Side,Good,7.9
97,Soho Penthouse,None,None
98,Little Italy Penthouse,Excellent,8.8
99,Studios Midtown Manhattan,Very Good,8.4
100,The French Quarters,Awesome,9.2
101,Newly Renovated Three Bedroom Lower East Side,Very Good,8.2
102,One Bedroom Apartment - Two Columbus Place,Good,7.3
103,Times Square Studio 46,Very Good,8.5
104,Quaint one bedroom close to the UN,None,None
105,Midtown 4 Bedroom Residence 2,None,None
106,Modern Three Bedroom Apartment - Upper East Side,Good,7.9
107,Soho Penthouse,None,None
108,Little Italy Penthouse,Excellent,8.8
109,Studios Midtown Manhattan,Very Good,8.4
110,The French Quarters,Awesome,9.2
111,Newly Renovated Three Bedroom Lower East Side,Very Good,8.2
112,One Bedroom Apartment - Two Columbus Place,Good,7.3
113,Times Square Studio 46,Very Good,8.5
114,Quaint one bedroom close to the UN,None,None
115,Central Two Bedroom Apartment In Times Square,Review score,6.1
116,Murray Hill East Suites,Very Good,8.4
117,The Manhattan at Times Square,Good,7.0
118,The Gatsby Hotel,None,None
119,Cassa Hotel 45th Street New York,Excellent,8.7
120,Garden House with 2 Bedroom,Excellent,8.6
121,Broadway at Times Square Hotel,Very Good,8.4
122,Four Points by Sheraton Manhattan Midtown West,Very Good,8.5
123,RIFF Downtown,Good,7.7
124,2 Bedroom Apartment in Hell's Kitchen,None,None
125,1 Hotel Central Park,Awesome,9.0
126,Full Studio in Central New York,Excellent,8.6
127,8th Avenue Apartment Apt C,None,None
128,Studio Plus - Cozy Apartments,Review score,6.9
129,Sensational 3 Bedroom Apartment with direct park views,None,None
130,Sutton Court Hotel Residences,None,None
131,3 BEDROOM 1 BATHROOM TIMES SQUARE D,Very Good,8.2
132,The Hotel at Times Square,Very Good,8.0
133,West 86th Apartment,None,None
134,Pod Times Square,Excellent,8.9
135,Studio Plus - Cozy Apartments,Review score,6.9
136,Sensational 3 Bedroom Apartment with direct park views,None,None
137,La Quinta Inn & Suites New York City Central Park,Good,7.6
138,Sutton Court Hotel Residences,None,None
139,3 BEDROOM 1 BATHROOM TIMES SQUARE D,Very Good,8.2
140,The Hotel at Times Square,Very Good,8.0
141,West 86th Apartment,None,None
142,Pod Times Square,Excellent,8.9
143,The Marlton Hotel,Excellent,8.8
144,Three Bedroom Apartment on 9th Avenue,Excellent,8.8
145,Tiffiny Two Bedrooms,Excellent,8.8
146,Apartment Soho Elizabeth 2,None,None
147,The William,Awesome,9.0
148,Studio Plus - Couple's Studio,Good,7.0
149,Spectacular Duplex 4 Bedroom 3 Bath Lincoln Center,None,None
150,Hyatt Union Square New York,Excellent,8.7
151,Cosy 1 Bed Apartment Midtown West near Hell's Kitchen & Macy's,None,None
152,Peck Slip Apartment,Exceptional,9.5
153,The Riverside - One Bedroom Apartment,None,None
154,Four Points by Sheraton Midtown - Times Square,Very Good,8.3
155,The Hotel @ New York City,Good,7.5
156,Bloc Away From Central Park Three-Bedroom Apartment with Private Balcony,Review score,6.5
157,Ultra design and luxurious Apartment - Doorman and Gym,None,None
158,Candlewood Suites NYC -Times Square,Very Good,8.1
159,The Whitby Hotel,Exceptional,9.5
160,AC New York Downtown by Marriott,None,None
161,Historic Harlem Duplex,Very Good,8.5
162,The Elizabeth,None,None
163,"TIMES SQUARE, MIDTOWN, HELLS KITCHEN. AMAZING 2BD!",None,None
164,Luxury 2200ft² 4Bed in East Village,None,None
165,Bloc Away From Central Park Three-Bedroom Apartment with Private Balcony,Review score,6.5
166,Ultra design and luxurious Apartment - Doorman and Gym,None,None
167,Candlewood Suites NYC -Times Square,Very Good,8.1
168,The Whitby Hotel,Exceptional,9.5
169,AC New York Downtown by Marriott,None,None
170,Historic Harlem Duplex,Very Good,8.5
171,The Elizabeth,None,None
172,"TIMES SQUARE, MIDTOWN, HELLS KITCHEN. AMAZING 2BD!",None,None
173,Luxury 2200ft² 4Bed in East Village,None,None
174,MOXY NYC Times Square,Very Good,8.5
175,Very Central West Village Apartment,None,None
176,The Ideal 3 Bedroom Getaway by Central Park UWS,Review score,6.8
177,Comfortable One Bedroom Apartment - Times Square,Good,7.3
178,Premium Apartments-Time Square,Excellent,8.6
179,Live like a New Yorker - 2 Bedroom Apartment near Times Square,None,None
180,East 7th Street III,None,None
181,Hotel Marrakech,Review score,6.8
182,TIMES SQ LUXURY 3BR DPLX,None,None
183,Sohotel,Very Good,8.2
184,NOVO360,None,None
185,Holiday Inn Express - Times Square South,Very Good,8.3
186,Best Times Square Location Hells Kitchen Midtown West,None,None
187,Bridgestreet at Centria,None,None
188,Sunny 3BR Apt in Chelsea,None,None
189,The Santana,None,None
190,Manhattan Studio Apartments,Good,7.3
191,Sunny Three Bedroom Apartment Lower East Side,Good,7.3
192,St Marks Hotel,Good,7.0
193,Places4stay Times Square Luxury II,None,None
194,Riverside Tower Hotel,Good,7.2
195,"NYC Charmer, Central Park/Lincoln Center",None,None
196,Radisson Martinique on Broadway,Very Good,8.2
197,One Bedroom Apartment - Upper East Side,None,None
198,Artsy 1Bed/1Bath in Prime Lower East Manhattan,None,None
199,Jenny's Apartments - Upper East Side,Awesome,9.0
200,2 Bedrooms Suite in Financial Disctrict,Very Good,8.3
201,NOVO205,None,None
202,Times Square West Midtown Apartment,Good,7.1
203,Courtyard by Marriott New York Manhattan/Central Park,Very Good,8.0
204,Heart of Hell's Kitchen 4 bedroom apartment,None,None
205,Midtown Times Square Apartment,Very Good,8.0
206,East Village Lovely Apartment,None,None
207,The New York EDITION,Awesome,9.0
208,Residence Inn by Marriott New York Manhattan/Times Square,Very Good,8.2
209,West Village 3 bedrooms with 4 baths,None,None
210,Midtown Times Square Apartment,Very Good,8.0
211,East Village Lovely Apartment,None,None
212,Residence Inn by Marriott New York Manhattan/Times Square,Very Good,8.2
213,West Village 3 bedrooms with 4 baths,None,None
214,Studio Plus - One-Bedroom APT,Good,7.2
215,Two Bedroom Apartment - Between Park Ave & Lexington Avenue - Midtown East,Review score,6.6
216,NOVO417,None,None
217,CITY ROOMS NYC - Soho,Very Good,8.2
218,The Alicia,None,None
219,Times Square Perfect Home,Awesome,9.2
220,Hilton Garden Inn NYC Financial Center/Manhattan Downtown,Excellent,8.8
221,Charming Studio by Grand Central,None,None
222,Greenwich Street V,None,None
223,Lincoln Center Luxury Apartments,Good,7.5
224,Leo House,Very Good,8.2
225,HGU New York,Excellent,8.7
226,Soul Food (Mont Morris),Excellent,8.9
227,Exclusive Studio,Good,7.2
228,Apartment near Times Square,Very Good,8.5
229,Oakwood 6th Avenue,None,None
230,Full Floor Apt in the Heart of the East Village,None,None
231,Lower East Side 3 Bedroom,Very Good,8.1
232,Lovely Apartment in Midtown West,None,None
233,HighLine Studio,Excellent,8.7
234,Arris Apartment,Exceptional,9.6
235,The GEM Hotel - Chelsea,Good,7.7
236,PermaGO City Hall,Excellent,8.8
237,Today House Suites,Excellent,8.7
238,Ace Hotel New York,Very Good,8.4
239,West 45th Street Apt 209,None,None
240,Exclusive Studio,Good,7.2
241,Apartment near Times Square,Very Good,8.5
242,Oakwood 6th Avenue,None,None
243,Full Floor Apt in the Heart of the East Village,None,None
244,Lower East Side 3 Bedroom,Very Good,8.1
245,Lovely Apartment in Midtown West,None,None
246,HighLine Studio,Excellent,8.7
247,Arris Apartment,Exceptional,9.6
248,The GEM Hotel - Chelsea,Good,7.7
249,PermaGO City Hall,Excellent,8.8
250,Today House Suites,Excellent,8.7
251,Ace Hotel New York,Very Good,8.4
252,West 45th Street Apt 209,None,None
253,East 83rd Street Apt 2C,None,None
254,East 51st Street Apt 2L,None,None
255,East 28th Street Apt 12,None,None
256,East 28th Street Apt 17,None,None
257,West 46th Street Apt 4C,None,None
258,West 47th Street Apt 3C,None,None
259,Thompson Street Apt 4D,None,None
260,West 45th Street Apt 3R,None,None
261,West 49th Street Apt 3A,None,None
262,Madison Ave. & 92nd Street Apt 2A,None,None
263,West 47TH Street Apt 3B,None,None
264,East 51st Street Apt 2F,None,None
265,East 37th Street Apt 3R,None,None
266,East 37th Street Apt 3F,None,None
267,East 7th Street Apt 1A,None,None
268,East 15th Street Apt 4F,None,None
269,East 15th Street Apt 3R,None,None
270,East 7th Street Apt 1A,None,None
271,East 15th Street Apt 4F,None,None
272,East 15th Street Apt 3R,None,None
273,West 18th Street Apt 2R,None,None
274,Sullivan Street Apt 5R,None,None
275,Sullivan Street Apt 3R,None,None
276,West 15th Street Apt 3RR,None,None
277,West 15th Street Apt 3F,None,None
278,West 15th Street Apt 2F,None,None
279,East 37th Street & Lexington Ave. Apt 3F,None,None
280,Delancey Street Apt 14,None,None
281,Elizabeth Street & Kenmare St. Apt 3,None,None
282,East 14th St. Apt 1B,None,None
283,Mulberry & Grand Street Apt 1,None,None
284,Elizabeth Street & Kenmare Street Apt 1,None,None
285,Studio,None,None
286,Crosby Street Hotel,Awesome,9.4
287,Studio in Times Square,Review score,6.1
288,668 6th Ave 3rd floor,Review score,6.6
289,Luxury Apartments Upper East Side,None,None
290,Mott Street Apt 1A,None,None
291,East 28th Street Apt 22,None,None
292,East 28th Street Apt 23,None,None
293,West 89th Street Apt 2F,None,None
294,West 47th Street Apt 3A,None,None
295,West 49th Street Apt 5A,None,None
296,East 51st Street Apt 2R,None,None
297,East 51st Street Apt 1F,None,None
298,West 15th Street 4B,None,None
299,East 37th Street Apt 1R,None,None
300,Sullivan Street & West 3rd Apt 3F,None,None
301,Sullivan Street Apt 1R,None,None
302,East 37th Street & Lexington Ave. Apt 2R,None,None
303,East 37th Street & Lexington Ave. Apt 1R,None,None
304,Mulberry Street Apt 7 - Mulberry,None,None
305,Mulberry Street Apt 2,None,None
306,Delancey St. Apt 16,None,None
307,Delancey St. Apt 4,None,None
308,Lexington Ave Apt 3D,None,None
309,Mulberry Street Apt 16,None,None
310,Lexington Ave. Apt 6D,None,None
311,Grant Street Apt 2F,None,None
312,Elizabeth Street Apt 9,None,None
313,Spring Street Apt 1F,None,None
314,Elizabeth & Spring St. Apt. 1,None,None
315,Delancey St. Apt 4,None,None
316,Lexington Ave Apt 3D,None,None
317,Mulberry Street Apt 16,None,None
318,Lexington Ave. Apt 6D,None,None
319,Grant Street Apt 2F,None,None
320,Elizabeth Street Apt 9,None,None
321,Spring Street Apt 1F,None,None
322,Elizabeth & Spring St. Apt. 1,None,None
323,Lafayette Street Apt 7,None,None
324,2nd Avenue Apt 4,None,None
325,Delancey Street Apt 201,None,None
326,Heart of Lower Manhattan,None,None
327,Walker Hotel Greenwich Village,Very Good,8.5
328,Two Bedroom Apartment - East 34th Street,Very Good,8.0
329,Furnished room,None,None
330,Furnished room,None,None
331,AKA Wall Street,Awesome,9.2
332,PermaGO Seaport Studio,Very Good,8.3
333,West 51st Street Apt 1A,None,None
334,Thompson Street Apt 3C,None,None
335,Lexington Ave Apartment 3,None,None
336,East 61st Street Apt 3,None,None
337,East 82nd Street Apt 4D,None,None
338,Mulberry Street Apt 7,None,None
339,East 89th Street Apt 4B,None,None
340,East 51st Street Apt 4D,None,None
341,East 52nd Street Apt 1E,None,None
342,West 49th Street Apt 2A,None,None
343,East 52nd Street Apt 4F,None,None
344,East 37th Street Apt 4R,None,None
345,Mulberry Street Apt 9,None,None
346,Delancey Street Apt 18,None,None
347,Spring Street Apt 6,None,None
348,Grant Street Apt 2G,None,None
349,Elizabeth Street & East Houston Street Apt 12,None,None
350,Lafayette Street Apt 2,None,None
351,Elizabeth & Spring St. Apt. 3,None,None
352,Elizabeth & Spring St. Apt. 2,None,None
353,Elizabeth Street & Kenmare Street Apt 3,None,None
354,1st Ave Apt 2,None,None
355,Lafayette Street Apt 1,None,None
356,1st Ave Apt 11,None,None
357,Bowery & Broome Street Apt 4F,None,None
358,The Baxter House (sleeps 6),Review score,6.4
359,Large 1 Bedroom Chinatown,Exceptional,9.5
360,1st Ave Apt 11,None,None
361,Bowery & Broome Street Apt 4F,None,None
362,The Baxter House (sleeps 6),Review score,6.4
363,Large 1 Bedroom Chinatown,Exceptional,9.5
364,Midtown West,None,None
365,The Gallery House,Excellent,8.6
366,Lexington Ave Apartment 4A,None,None
367,West 49th Street Apt 4A,None,None
368,Sullivan Street Apt 1C,None,None
369,West 15th Street 4A,None,None
370,East 7th Street Apt 1M,None,None
371,Sullivan Street Apt 2F,None,None
372,East 37th Street Apt 5R,None,None
373,East 37th Street Apt 5F,None,None
374,East 37th Street & Lexington Ave. Apt 4F,None,None
375,East 37th Street Apt 5R,None,None
376,East 37th Street Apt 5F,None,None
377,East 37th Street & Lexington Ave. Apt 4F,None,None
378,Delancey St. Apt 20,None,None
379,Lexington Ave Apt 4C,None,None
380,West 106th St. Apt 4B,None,None
381,Elizabeth Street Apt 3,None,None
382,Mulberry Street Apt 11,None,None
383,Prince Street Apt 12,None,None
384,Ludlow St. Apt 3A,None,None
385,Lafayette Street Apt 6,None,None
386,Kenmare Street Apt. 9,None,None
387,Elizabeth Street & Kenmare Street Apt 2,None,None
388,1st Ave Apt 9,None,None
389,Broom St. Apt 5W,None,None
390,Broom St. Apt 5W,None,None
391,East 28th Street Apt 5,None,None
392,Bowery Apt 2F,None,None
393,Wingate by Wyndham Manhattan Midtown,Good,7.6
394,Apartment with stunning views near 5th Ave,None,None
395,East 51st Street Apt 4G,None,None
396,First Ave & 92nd Street Apt 3,None,None
397,West 47th Street Apt 2B,None,None
398,West 47th Street Apt 1C,None,None
399,East 7th Street Apt 1R,None,None
400,West 18th Street Apt 1F,None,None
401,Sullivan Street & West 3rd Apt 4F,None,None
402,West 12th Street Apt 3C,None,None
403,Elizabeth Street Apt 8,None,None
404,West 12th Street Apt 3A,None,None
405,Prince Street Apt 2,None,None
406,Prince Street Apt 11,None,None
407,1st Ave Apt 7,None,None
408,Spring St. Apt 2F,None,None
409,Chrystie Street Apt 5,None,None
410,"Brand New 2BR 1BA, W/D, Heart Of Lower East side, 4 min walk to SOHO, MODERN!",None,None
411,Bryant Park Studio Apartment Times Square South,Good,7.9
412,Uptown Studio,None,None
413,NY Away - Luxury Apartments in the Financial District,Review score,6.4
414,Two Bedroom Luxury Apartment - Union Square,Very Good,8.1
415,Modern Apartment - Greenwich Village With Shared Roofdeck & Terrace,Good,7.9
416,Mandarin Oriental New York,Excellent,8.6
417,Staybridge Suites - Times Square - New York City,Very Good,8.2
418,Downtown Grand Apartment,None,None
419,West 49th Street Apt 1B,None,None
420,Modern Apartment - Greenwich Village With Shared Roofdeck & Terrace,Good,7.9
421,Mandarin Oriental New York,Excellent,8.6
422,Staybridge Suites - Times Square - New York City,Very Good,8.2
423,Downtown Grand Apartment,None,None
424,West 49th Street Apt 1B,None,None
425,East 28th Street Apt 11,None,None
426,Sullivan Street Apt 1F,None,None
427,West 18th Street 3M,None,None
428,East 7th Street Apt 2F,None,None
429,Broadway Suite New York,Good,7.6
430,Hampton Inn Manhattan Grand Central,Excellent,8.7
431,East 85th Street Apt 2,None,None
432,East 61st Street Apt 2,None,None
433,West 18th Street Apt 2F,None,None
434,West 108th St. Apt 2W,None,None
435,East 51st Street Apt 3F,None,None
436,Broome St. Apt 3W,None,None
437,One-Bedroom on E 62nd Street Apt G,None,None
438,Harlem Grand,None,None
439,Aparthotel Manhattan Residence.5,None,None
440,East 85th Street Apt 1D,None,None
441,East 82nd Street Apt 5B,None,None
442,East 7th Street Apt 1C,None,None
443,West 15th Street 1F,None,None
444,Mulberry Street Apt 12,None,None
445,West 119th B&B,Awesome,9.2
446,HI NYC Hostel,Very Good,8.5
447,East 82nd Street Apt 5C,None,None
448,East 51st Street Apt 4H,None,None
449,Apartment #3E,None,None
450,East 85th Street Apt 1D,None,None
451,East 82nd Street Apt 5B,None,None
452,East 7th Street Apt 1C,None,None
453,West 15th Street 1F,None,None
454,Mulberry Street Apt 12,None,None
455,West 119th B&B,Awesome,9.2
456,HI NYC Hostel,Very Good,8.5
457,East 82nd Street Apt 5C,None,None
458,East 51st Street Apt 4H,None,None
459,Apartment #3E,None,None
460,Cozy Manhattan Apartment,None,None
461,Gracious Apartment in Midtown West,None,None
462,West 15th Street 4D,None,None
463,The Townhouse Inn of Chelsea,Excellent,8.8
464,Da Vinci Hotel,Good,7.6
465,Central Park Apartment,Good,7.4
466,Huge 2 Bed 2 Bath Apartment in Building with Elevator,None,None
467,UWS furnished One bedroom,None,None
468,East 52nd Street Apt 1B,None,None
469,SpringHill Suites by Marriott New York Midtown Manhattan/Fifth Avenue,Very Good,8.5
470,East 37th Street & Lexington Ave. Apt 4R,None,None
471,Chic and Beautiful Home center of the World NYC,None,None
472,The Greenwich Hotel,Awesome,9.4
473,Full Studio Near The Central Park,Very Good,8.2
474,World Center Hotel,Excellent,8.6
475,Avalon Hotel,Very Good,8.4
476,Global Luxury Suites in Murray Hill,None,None
477,InterContinental New York Times Square,Very Good,8.0
478,Four Bedroom Apartment - Eldridge St. #38,Review score,6.9
479,Fairfield Inn by Marriott New York Manhattan/Financial District,Very Good,8.3
480,Belnord Hotel,Good,7.9
481,Studio Plus - Apartment Suites,Good,7.1
482,Central Park Studios,Good,7.4
483,Greenwich Village 2 bed 1 bath,None,None
484,La Quinta Inn & Suites Manhattan,Very Good,8.0
485,Mulberry Street Apt 13,None,None
486,Anthem,None,None
487,DoubleTree by Hilton Metropolitan New York City,Good,7.8
488,Luxury Two Bedroom Apartment - Midtown West G,None,None
489,The Ideal 2 Bedroom Getaway by Central Park UWS,Review score,6.3
490,Hello Broadway,Review score,6.5
491,Three- Bedroom Apartment on 5th Ave,None,None
492,The Hendrix,None,None
493,Modern 2 Bedroom Apartment NYC,None,None
494,2 Bedroom Apartment Hell's Kitchen,Good,7.0
495,Luxury Apartment Time Square,None,None
496,Apartment in the Heart of Manhattan,None,None
497,"Near the Central Park, in New York",Very Good,8.1
498,East Village Convenient Apartment,None,None
499,28th Street & Park Avenue Apartments,None,None
500,"The Beekman, a Thompson Hotel",Awesome,9.3
501,Gansevoort Meatpacking,Very Good,8.3
502,Fairfield Inn & Suites by Marriott New York Manhattan/Central Park,Excellent,8.6
503,East Village: Newly Renovated 2 Bedroom,Review score,6.7
504,Stylish 2 Bed in Soho,None,None
505,The Sherry Netherland,Awesome,9.4
506,st nicholas terrace,None,None
507,Perfect Retreat in Downtown,None,None
508,Exquisite 2 Bedroom 2 Baths all modern and High end Furniture,None,None
509,Studio Plus - Midtown Spacious Apartment,Good,7.6
510,Great Room Loft,None,None
511,Holiday Inn Express - Times Square,Good,7.7
512,Studio Apartments - West 31st Street,Review score,6.2
513,Leon Hotel,Very Good,8.4
514,BRAND NEW ULTRA MODERN NOMAD PARK AVENUE(31 AND PARK) 800 FT 2BR 1BA W/D ELEVATOR!,Good,7.7
515,Executive Hotel Le Soleil New York,Excellent,8.6
516,Spacious 1 bedroom with roofdeck in an elevator building,None,None
517,Aparthotel Manhattan Residence.6,None,None
518,New private studio-apartment,Good,7.7
519,Nice studio-apartment in Financial District,Very Good,8.5
520,Beautiful Downtown Apartments NYC,None,None
521,Hilton Times Square,Very Good,8.5
522,West 80th Apartment,None,None
523,Two Bedroom Apartment with City View - Lincoln Center,Good,7.8
524,Global Luxury Suites at The Liane,None,None
525,Beautiful Downtown Apartments NYC,None,None
526,West 80th Apartment,None,None
527,Two Bedroom Apartment with City View - Lincoln Center,Good,7.8
528,Global Luxury Suites at The Liane,None,None
529,Stunning Duplex By Upper East Side,None,None
530,Park Ave Apartments Midtown Next to Times Square,Review score,6.5
531,Crowne Plaza HY36 Midtown Manhattan,Excellent,8.9
532,Chelsea Cabins,Good,7.3
533,Apartment in Central New York,Good,7.7
534,InterContinental New York Barclay Hotel,Excellent,8.9
535,The Maritime Hotel,Excellent,8.9
536,Euro - Lovely Apartment,None,None
537,Pod 51,Very Good,8.0
538,Washington Jefferson at Times Square,Good,7.6
539,339 East Apartment #232482 Apts,None,None
540,Private Room in Time Square,Awesome,9.2
541,Luxury 2 Bedrooms Upper West Side Manhattan,None,None
542,Luxurious Two Bedroom Apartment in Doorman Building - Lincoln Center,Excellent,8.6
543,Nolitan Hotel SoHo - New York,Excellent,8.7
544,Hotel Elysee by Library Hotel Collection,Awesome,9.2
545,Massive 3 Bedroom Loft in SoHo,None,None
546,Library Hotel by Library Hotel Collection,Awesome,9.3
547,329 East Apartment #232480 Apts,None,None
548,Global Luxury Suites at Sky,None,None
549,The Madison House (Sleeps 6),Excellent,8.9
550,East 81 Studio #232478 Apts,None,None
551,CITY ROOMS NYC - Chelsea,Very Good,8.0
552,Fairfield Inn & Suites By Marriott New York Manhattan/Times Square,Very Good,8.3
553,339 East Apartment #232483 Apts,None,None
554,329 East Apartment #232459 Apts,None,None
555,Fairfield Inn & Suites By Marriott New York Manhattan/Times Square,Very Good,8.3
556,339 East Apartment #232483 Apts,None,None
557,329 East Apartment #232459 Apts,None,None
558,329 East Apartment #232399 Apts,None,None
559,Hilton Garden Inn West 35th Street,Excellent,8.6
560,337 East Apartment #232455 Apts,None,None
561,Studio Apartment - United Nations Plaza,Good,7.9
562,337 East Apartment #232479 Apts,None,None
563,East 94th Apartment #232466 Apts,None,None
564,Chelsea Terrace II,None,None
565,335 East Apartment #232444 Apts,None,None
566,One Bedroom Apartment - Allen Street # 28,Good,7.7
567,335 East Apartment #232477 Apts,None,None
568,Hamilton Row,None,None
569,East 81 Studio #232468 Apts,None,None
570,East 81 Studio #232468 Apts,None,None
571,Element Times Square West,Very Good,8.0
572,Mildred At the Park,None,None
573,Ritz Suites at Times Square,Very Good,8.3
574,329 East Apartment #232474 Apts,None,None
575,The Marc Suites at Times Square,Excellent,8.7
576,Gorgeous 2 Beds Apt in Times Square,None,None
577,"Perfect 3 BR, Midtown East, Doorman Apt",Good,7.5
578,East 81 Apartment #232473 Apts,None,None
579,Four Points by Sheraton Manhattan SoHo Village,Very Good,8.1
580,3/2 Columbus Circle #3,None,None
581,250W50 Midtown West,None,None
582,Luxury Three Bedroom Apartment on Park Ave & 31st Street - Midtown East,Good,7.3
583,Homewood Suites Midtown Manhattan Times Square South,Excellent,8.9
584,Charming West Village Apartment,None,None
585,Chelsea Art Suites,Good,7.1
586,Luxury 2 Bedrooms Apartment Sutton Place,None,None
587,Loft 109,Good,7.3
588,337 East Apartment #232467 Apts,None,None
589,Hoffman Place,None,None
590,Apartment in Hell's Kitchen,Good,7.4
591,Hotel Giraffe by Library Hotel Collection,Awesome,9.4
592,East 81 Street Studio #232465 Home,None,None
593,Bridgestreet at Beekman Towers,Very Good,8.1
594,339 East Studio #232484 Apts,None,None
595,Hip & Trendy Apartments near Times Square - NYC,Good,7.0
596,Hell's Kitchen Two Bedroom Apt,None,None
597,Tribeca Top Deluxe Apartment,None,None
598,329 East Apartment #232463 Apts,None,None
599,Greenwich Street III,None,None
600,Bright Airy Prime Midtown w/Elvator,None,None
601,NobleDEN Hotel,Awesome,9.1
602,Richards Place,None,None
603,DoubleTree by Hilton - Chelsea,Good,7.9
604,Prime Location Times Square 2 Bedrooms,None,None
605,Stylish Upper East Side 2 bed 2 bath,Good,7.6
606,East 81 Studio #232476 Apts,None,None
607,Hilton New York Fashion District,Very Good,8.2
608,Courtyard by Marriott New York Manhattan/Chelsea,Very Good,8.4
609,116 John Street Apartments,None,None
610,Two-Bedroom Apartment on 82nd Street,None,None
611,Pasadena Vacation Rental,None,None
612,Seafarers International House,Good,7.4
613,U Hotel Fifth Avenue,Good,7.9
614,Midtown East 1 Cozy Bedroom Apartment,None,None
615,Two-Bedroom Apartment on 82nd Street,None,None
616,Pasadena Vacation Rental,None,None
617,Seafarers International House,Good,7.4
618,U Hotel Fifth Avenue,Good,7.9
619,Midtown East 1 Cozy Bedroom Apartment,None,None
620,Gramercy Superior Apartments,Review score,6.3
621,Cassa 45 by BridgeStreet,None,None
622,NYC PrivateRoom Subway1bk,None,None
623,One Bedroom Apartment - Mott Street #16,Good,7.4
624,DoubleTree by Hilton NYC - Financial District,Good,7.8
625,Holiday Inn Express New York City Chelsea,Very Good,8.0
626,Embassy Suites By Hilton New York Midtown Manhattan,Awesome,9.2
627,12th Street Apartment,None,None
628,2254 5th Avenue Apartment,None,None
629,Beauty Near Times Square,Very Good,8.0
630,2254 5th Avenue Apartment,None,None
631,Beauty Near Times Square,Very Good,8.0
632,The Smyth,Very Good,8.5
633,Hilton Garden Inn Central Park South,Very Good,8.3
634,337 East Apartment #232415 Apts,None,None
635,Hilton Garden Inn Times Square,Very Good,8.3
636,Gramercy Park Apartments,Good,7.2
637,The Harlem Flophouse,None,None
638,Gorgeous 4 Bedroom Loft In Midtown,None,None
639,Large Bright 2bed/2bath in Prime Upper East Side,None,None
640,Times Square Studio,Very Good,8.2
641,East Side 3 bedroom 2 bathroom (7),Good,7.5
642,Midtown East Two Bedroom Apartment,None,None
643,Interfaith Retreats,Good,7.8
644,Global Luxury Suites at The Eugene,None,None
645,2 Bed Penthouse in Heart of NYC,None,None
646,East Village Oasis- E9th,None,None
647,East 7th Street II,None,None
648,Four Bedroom Apartment - NYC,Excellent,8.8
649,"Amazing LOFT in the East Village, close to the park",None,None
650,Gramercy Park Hotel,Very Good,8.4
651,8 Bedroom Midtown Townhouse- Sleeps 16,None,None
652,U.S. Pacific Hotel,Review score,6.1
653,414 Hotel,Awesome,9.3
654,Chelsea Studio,None,None
655,East 94 Apartment #232470 Apts,None,None
656,West 17th Apartment 3,None,None
657,Beautiful Loft On the Upper East Side,None,None
658,"Ultra Luxurious Large One Bedroom Appartment, Midtown",None,None
659,Midtown Luxury High Rise Condo,None,None
660,Midtown East Apartments,Good,7.8
661,Places4stay Midtown South Comfort,None,None
662,The Maxwell,None,None
663,Madison Ave. & 92nd Street Apt 4PH,None,None
664,Two bridges apartment,None,None
665,Canal Loft Hotel,Review score,6.5
666,777 Sixth Avenue,None,None
667,Times Square Amazing 2 Bedroom,Review score,5.3
668,Three-Bedroom Upper EAST,None,None
669,Studio Apartment - 39th Street,None,None
670,Places4stay Times Square Luxury Apartment,None,None
671,Midtown South One Bedroom Apartments,None,None
672,Hotel Indigo Lower East Side,Excellent,8.7
673,Hilton Garden Inn New York/Midtown Park Avenue,Excellent,8.6
674,NYC Townhouse Apartment,Excellent,8.6
675,Hotel Indigo Lower East Side,Excellent,8.7
676,Hilton Garden Inn New York/Midtown Park Avenue,Excellent,8.6
677,NYC Townhouse Apartment,Excellent,8.6
678,Places4stay Central Park Comfort,None,None
679,Three-Bedroom Apartment with Two Bathrooms - East 55th Street,Good,7.7
680,Courtyard by Marriott Times Square West,Excellent,8.6
681,Studio Apartment - East 31st Street #30,Good,7.4
682,Places4stay Times Square Luxury Studio,None,None
683,MADE Hotel,Awesome,9.1
684,"Gatsby Hotel, An Ascend Hotel Collection Member",Very Good,8.0
685,Great Cozy Apt,None,None
686,Hilton Garden Inn Times Square Central,Very Good,8.4
687,Hyatt House New York/Chelsea,Excellent,8.8
688,Amazing 2Bed/2Bath in Prime East Village Manhattan,None,None
689,Best Location 27 St. Mid-town East,None,None
690,Furnished Quarters at 777 Sixth Avenue,None,None
691,Cozy Room in New York City,None,None
692,NYC Townhouse,None,None
693,Upper West Side Two-Bedroom,None,None
694,Beautiful Midtown East 1 Bedroom apartment,None,None
695,Times Square 2 Bedroom Apartment,None,None
696,"Club Quarters Hotel, Opposite Rockefeller Center",Very Good,8.1
697,Bogart Street,None,None
698,Cassa Hotel Times Square,Very Good,8.1
699,Hilton Garden Inn New York Manhattan Midtown East,Very Good,8.3
700,Midtown East Large Apartments,Review score,6.9
701,45th Street Condo #228765,None,None
702,West 17th Street Apartment 2,None,None
703,Lovely Two Bedroom Apt,Review score,6.9
704,#1Midtown Manhattan Loft Apartment,Good,7.5
705,Cozy 1Bed/1Bath Close to Central Park,None,None
706,Central Affordable Three Bedroom Apartment,Review score,6.8
707,Three Bedroom Apartment - Henry Street #41,Good,7.6
708,Hilton Garden Inn New York/Manhattan-Chelsea,Very Good,8.3
709,Sheraton New York Times Square Hotel,Good,7.6
710,Luxury One Bedroom Apartment - Garment District,Good,7.1
711,Greenwich Village Apartments,None,None
712,Places4stay Gramercy Park Comfort II,None,None
713,NOVO151,None,None
714,Fantastic 3 Bedrm Apt 135 St,Review score,6.8
715,East Village Properties,Good,7.8
716,Courtyard New York Manhattan/Times Square,Very Good,8.4
717,Union Square Best Location 2 Bedroom Apt,None,None
718,Places4stay Little Italy Comfort,None,None
719,Manhattan Studio in Hells Kitchen,Excellent,8.9
720,Fantastic 3 Bedrm Apt 135 St,Review score,6.8
721,East Village Properties,Good,7.8
722,Courtyard New York Manhattan/Times Square,Very Good,8.4
723,Union Square Best Location 2 Bedroom Apt,None,None
724,Places4stay Little Italy Comfort,None,None
725,Manhattan Studio in Hells Kitchen,Excellent,8.9
726,Comfort Inn Times Square West,Very Good,8.1
727,Tier31 by ABRIKIM,Very Good,8.0
728,Places4stay Midtown East Luxury Duplex,None,None
729,Mott Street Apt 3B,None,None
730,New York One,None,None
731,One Bedroom Apartment in Hell's Kitchen,None,None
732,Beautiful Midtown East 1 Bedroom apartment,None,None
733,Fitzpatrick Manhattan,Excellent,8.7
734,Centria,None,None
735,East Side 3 bed 2 bath (6),Good,7.1
736,Modern Studio Apartment - Midtown East L,None,None
737,Lita's New York Apartments,Very Good,8.5
738,Hampton Inn Madison Square Garden,Excellent,8.6
739,West Village Penthouse,None,None
740,Modern Prewar Midtown 2 Bedroom Apt.,None,None
741,Best Western Plus Hospitality House Suites,Very Good,8.4
742,West 46th Street Apt 4C/4RW,None,None
743,The St. Nicolas in Harlem,None,None
744,Two Bedroom Apartment - Madison Avenue,Good,7.1
745,Ivy Tower Suites in Times Square,Excellent,8.8
746,Luxury Apartments Greenwich Village,Review score,5.8
747,The Suite New York,None,None
748,Sugar Hill Suites,Review score,6.4
749,Studio Apartment - Financial District,Review score,6.5
750,Holiday Inn Express - Wall Street,Very Good,8.1
751,NYC Best apartment near the UN,Review score,5.5
752,Apartments Lincoln Center,Very Good,8.0
753,The Nomad Suites,Good,7.4
754,Colonial House Inn,Very Good,8.2
755,NY Away - Central Park UWS 2-Bedroom,Review score,6.6
756,Luxury Studio Apartment - Garment District,None,None
757,The Pearl Hotel,Excellent,8.9
758,Apartment Midtown Garden,None,None
759,Holiday Inn Manhattan 6th Ave - Chelsea,Good,7.6
760,East 14th Street Apt 5A,None,None
761,3 West Club,Very Good,8.2
762,Places4stay Greenwich Comfort Rooftop,None,None
763,The Broome,Awesome,9.2
764,Apartment Close to Time Square,Very Good,8.5
765,"The Standard, High Line New York",Very Good,8.3
766,Apartment Close to Time Square,Very Good,8.5
767,W New York - Times Square,Good,7.9
768,Apartment 2BD/ 2BA E 7th St,None,None
769,Places4stay Times Square Luxury,None,None
770,Apartment Clayton.3,None,None
771,Hotel 17 - Extended Stay,Good,7.9
772,Interfaith East Village,Very Good,8.0
773,Renovated Midtown East Apartments,Review score,6.4
774,Luxury 2B/1B UWS GEM,Good,7.1
775,Hotel Hayden New York,Very Good,8.0
776,Rostel,Review score,6.3
777,Charles Street,None,None
778,East Side 3 Bedroom and 2 Bathroom Apartment (3),Good,7.8
779,Places4stay Times Square Comfort Rooftop,None,None
780,Hotel Hayden New York,Very Good,8.0
781,Rostel,Review score,6.3
782,Charles Street,None,None
783,East Side 3 Bedroom and 2 Bathroom Apartment (3),Good,7.8
784,Places4stay Times Square Comfort Rooftop,None,None
785,NYC Midtown Suites,Review score,6.6
786,45th Street Condo #228767,None,None
787,East Street Apartment #232471 Apts,None,None
788,Comfort Inn Lower East Side,Good,7.9
789,Global Luxury Suites at Olympia House,None,None
790,Apartment Chelsea,None,None
791,East Village Amazing 2 Bedroom,Good,7.9
792,Broadway Plaza Hotel,Very Good,8.4
793,Renaissance New York Midtown Hotel,Awesome,9.0
794,Hilton Garden Inn New York/Tribeca,Very Good,8.2
795,Jun New York Mid Town III,Excellent,8.9
796,Superior Midtown East Apartments,Review score,5.9
797,Hampton Inn Manhattan-Times Square North,Very Good,8.2
798,Prime West Village Vacation Apartment,None,None
799,Three Bedroom Apartment - West 148th Street,Very Good,8.1
800,The Wagner Hotel,None,None
801,Hampton Inn Manhattan-35th Street/Empire State Building,Very Good,8.5
802,Sheraton Tribeca New York Hotel,Good,7.8
803,Holiday Inn Express Manhattan Midtown West,Good,7.8
804,Comfort Inn Midtown West,Good,7.7
805,Recently Renovated 3 Bedroom Apartment Manhattan #45,None,None
806,Jun New York Mid Town I,None,None
807,Soho Grand Hotel,Very Good,8.5
808,Yorkville Apartments -Upper East Side,Review score,6.4
809,Central Park Apartment,Excellent,8.9
810,"Hotel Shocard, New York",Very Good,8.3
811,Soho Grand Hotel,Very Good,8.5
812,Yorkville Apartments -Upper East Side,Review score,6.4
813,Central Park Apartment,Excellent,8.9
814,Zen Artist 2Bed/1Bath in Prime Upper East Side!,None,None
815,45th Street Condo #226384,None,None
816,NYC Apartment For Rent,None,None
817,Room Mate Grace Boutique Hotel,Excellent,8.7
818,Hyatt Herald Square New York,Very Good,8.3
819,Luxurious Three Bedroom Apartment,Review score,6.9
820,Midtown East Next to Times Square,None,None
821,Two Bedroom Chelsea/West Village Apartment,None,None
822,Hyatt Place New York/Midtown-South,Excellent,8.6
823,Charming Loft in Lower East Side,None,None
824,Best Location NYC in Union Square - Midtown East,Review score,6.8
825,Symphony House,None,None
826,Sago Hotel,Excellent,8.7
827,The Jewel Facing Rockefeller Center,Excellent,8.7
828,Kimpton Hotel Eventi,Excellent,8.8
829,Shared Two Bedroom Apartment - Harlemville,Good,7.0
830,The Quin,Excellent,8.8
831,Highline West Village,None,None
832,Midtown Lexington Studio Apartment,None,None
833,Cassa Suites,None,None
834,Apartment Best Location in New York,Good,7.5
835,New York Apartments,Review score,6.6
836,Places4stay Upper West Side Luxury,None,None
837,"The Renwick Hotel New York City, Curio Collection by Hilton",Excellent,8.6
838,Hampton Inn Times Square Central,Excellent,8.8
839,Domenico Vacca Luxury Residences,None,None
840,Hampton Inn Times Square Central,Excellent,8.8
841,Domenico Vacca Luxury Residences,None,None
842,Night Hotel Times Square,Good,7.6
843,Hyatt Centric Times Square New York,Excellent,8.8
844,Cambria Hotel & Suites New York - Chelsea,Excellent,8.8
845,Residence Inn by Marriott New York Manhattan/ Midtown Eastside,Excellent,8.9
846,Eclectic 2Bedroom Art Studio,None,None
847,Comfortable Two Bedroom Apartment in East Village,None,None
848,Manhattan Bowery Lodge,Review score,5.5
849,45th Street Condo #228762,None,None
850,45th Street Condo #226519,None,None
851,Great Location Midtown East 35th Street and Third Ave,Review score,6.9
852,Sixty LES,Very Good,8.3
853,Warwick New York,Very Good,8.5
854,Hostel - Chrystie Street,Review score,6.1
855,Apartment Clayton.1,None,None
856,Luxurious Central Park South 2 Bedroom Apartment,None,None
857,The International Cozy Inn,Good,7.4
858,Murray Hill 2 Cozy Bedroom Apt,None,None
859,Beautiful Lexington Apartment,None,None
860,Three Bedroom Apartment with City View - Lincoln Center,None,None
861,Incentra Village Hotel,Good,7.8
862,The Park Ave North,Good,7.7
863,Kimpton Ink48 Hotel,Excellent,8.7
864,Apartment Clayton.5,None,None
865,Mott Street Apt 2D,None,None
866,Renovated Studio Loft Downtown NYC #43,Good,7.2
867,Holiday Inn Wall Street,Good,7.9
868,Manhattan Guest House,Good,7.6
869,The Ludlow Hotel,Awesome,9.0
870,The Ludlow Hotel,Awesome,9.0
871,Apartment Clayton.4,None,None
872,Casablanca Hotel by Library Hotel Collection,Awesome,9.4
873,West 49th Apartment,None,None
874,Apartment Clayton.2,None,None
875,Crowne Plaza Times Square,Very Good,8.2
876,PermaGO FiDi,Very Good,8.2
877,Prince Street Apt 9,None,None
878,Sofitel New York,Excellent,8.6
879,Four Seasons Hotel New York,Excellent,8.7
880,Lux Studio West Village 30Days Min,None,None
881,Aparthotel Manhattan Residence.24,None,None
882,Hampton Inn Manhattan Chelsea,Excellent,8.6
883,Aparthotel Manhattan Residence.22,None,None
884,Arlo SoHo,Excellent,8.7
885,Clarion Hotel Park Avenue,Good,7.5
886,City Club Hotel,Very Good,8.4
887,Studio on UES,None,None
888,Aparthotel Manhattan Residence.1,None,None
889,Hotel St. James,Good,7.9
890,Upper East One Bedroom Apartment,Review score,6.7
891,Chelsea Inn,Good,7.3
892,Hotel Hugo,Very Good,8.1
893,Apartment Douglas.2,None,None
894,Spacious 2 Bedrooms Apartment - Times Square,Review score,5.6
895,Manhattan Lodging,Good,7.3
896,Trump International New York,Excellent,8.8
897,"Marriott Vacation Club Pulse, New York City",Very Good,8.5
898,West 57th Street by Hilton Club,Excellent,8.9
899,JW Marriott Essex House New York,Good,7.9
900,30 Park Avenue,None,None
901,Stylish Lexington Pied-à-terre,None,None
902,The Premier Times Square by Millennium,Very Good,8.3
903,Fitzpatrick Grand Central,Excellent,8.9
904,Aparthotel Manhattan Residence.23,None,None
905,Hotel Beacon,Excellent,8.8
906,Wellington Hotel,Good,7.7
907,The Bernic Hotel,Excellent,8.6
908,Chelsea Suites,None,None
909,Hotel Americano,Very Good,8.2
910,Times Square Suites - NYC,Review score,6.7
911,Apartment Soho Elizabeth 3,None,None
912,Hotel Central Fifth Avenue,Good,7.7
913,Chic 2 Bedrooms near Times Square,Review score,4.5
914,Apartment Douglas.1,None,None
915,Apartment Douglas.1,None,None
916,Global Luxury Suites at 777 6th Avenue,None,None
917,Hotel Mimosa,Very Good,8.2
918,Aparthotel Manhattan Residence.2,None,None
919,The Marcel at Gramercy,Very Good,8.1
920,RIU Plaza New York Times Square,Excellent,8.7
921,Aloft Harlem,Very Good,8.4
922,Hampton Inn Manhattan/Downtown- Financial District,Very Good,8.3
923,Amazing 2 Bedrooms at Theater District,None,None
924,Lowell Hotel,Awesome,9.1
925,Manhattan Broadway Hotel,Review score,6.3
926,Loft with Central Park View,Excellent,8.6
927,Residence Inn by Marriott New York Downtown Manhattan/World Trade Center Area,Excellent,8.8
928,New York Marriott Marquis,Very Good,8.2
929,Inn New York City,None,None
930,Loft with Central Park View,Excellent,8.6
931,Residence Inn by Marriott New York Downtown Manhattan/World Trade Center Area,Excellent,8.8
932,New York Marriott Marquis,Very Good,8.2
933,Inn New York City,None,None
934,DoubleTree by Hilton New York Times Square South,Good,7.4
935,Executive Class at MTS Hotel,Good,7.3
936,Courtyard by Marriott New York Manhattan / Soho,Very Good,8.5
937,Park Lane Hotel - A Central Park Hotel,Good,7.7
938,The Frederick Hotel,Very Good,8.3
939,Courtyard by Marriott New York Manhattan/Herald Square,Very Good,8.5
940,Global Luxury Suites at Bridge Tower Place,None,None
941,Courtyard by Marriott New York Manhattan/ Fifth Avenue,Good,7.9
942,TEN15NYC,Very Good,8.3
943,Hudson River Hotel,Review score,6.9
944,IBEROSTAR 70 Park Avenue Hotel,Very Good,8.3
945,Courtyard by Marriott New York Manhattan/ Fifth Avenue,Good,7.9
946,TEN15NYC,Very Good,8.3
947,Hudson River Hotel,Review score,6.9
948,IBEROSTAR 70 Park Avenue Hotel,Very Good,8.3
949,"Park South, a Joie de Vivre Hotel",Excellent,8.6
950,20 Exchange Place,None,None
951,Garden Shared Apartment,None,None
952,New York Hilton Midtown,Good,7.9
953,The Kimpton Muse Hotel,Excellent,8.8
954,Hotel 91,Good,7.4
955,Room in a two bedroom apartment NYC,None,None
956,Modern Midtown East Apartments in NYC,None,None
957,Comfort Inn Times Square South Area,Good,7.4
958,Midtown Two Bedroom Apartment - Central Park,Review score,6.7
959,The Knickerbocker,Excellent,8.8
960,East Village Bungalow Getaway,Review score,5.6
961,The Gotham Hotel,Very Good,8.1
962,"LIFE Hotel, NoMad",Very Good,8.1
963,Conrad New York,Awesome,9.1
964,Empire Hotel,Good,7.5
965,Hôtel Plaza Athénée,Excellent,8.7
966,Hotel Five44,Good,7.2
967,Ameritania at Times Square,Very Good,8.3
968,The Watson Hotel,Good,7.8
969,onefinestay – Uptown private homes,None,None
970,"The Ritz-Carlton New York, Central Park",Excellent,8.7
971,Francesco Times Square Apartment,None,None
972,East Village Hotel,Very Good,8.0
973,Claremont,None,None
974,Harlemville Two Bedroom Apt,Review score,5.9
975,Claremont,None,None
976,Harlemville Two Bedroom Apt,Review score,5.9
977,The Time New York,Very Good,8.3
978,Chelsea Pines Inn,Very Good,8.5
979,The London NYC,Very Good,8.3
980,TRYP by Wyndham Times Square South,Very Good,8.4
981,W New York - Downtown,Very Good,8.0
982,West Side YMCA,Good,7.1
983,Empire State Building,None,None
984,Luxury Living Suites,Review score,5.7
985,SIXTY SoHo,Excellent,8.6
986,The Jimmy,None,None
987,Row NYC at Times Square,Good,7.1
988,Travel Inn - Midtown Manhattan,Good,7.5
989,Global Luxury Suites at Symphony House,None,None
990,Roger Smith Hotel,Very Good,8.5
991,The Grand NYC Apartments,Review score,5.3
992,Sanctuary Hotel New York,Excellent,8.7
993,Refinery Hotel - New York,Awesome,9.0
994,Hilton Club New York,Excellent,8.7
995,Four Seasons Hotel New York Downtown,Awesome,9.4
996,Courtyard New York Manhattan/Upper East Side,Very Good,8.1
997,Andaz Wall Street-a concept by Hyatt,Excellent,8.7
998,YOTEL New York Times Square,Very Good,8.3
999,The Mercer,Excellent,8.9
1000,36 Hudson Hotel,Good,7.5
1001,Hamilton Heights: Renovated Apartments,Review score,5.2
1002,Millennium Hilton New York Downtown,Very Good,8.2
1003,Hampton Inn Seaport Financial District,Very Good,8.1
1004,1600 Broadway,None,None
